nombre,rating,precio,fecha de entrega
N/A,N/A,N/A,N/A
Red Dead Redemption para Nintendo Switch,N/A,$999.00,N/A
Rockstar Games Red Dead Redemption 2 - PlayStation 4 - Standard Edition,4.9 de 5 estrellas,N/A,N/A
Red Dead Redemption 2 - Xbox One - Standard Edition,4.9 de 5 estrellas,N/A,N/A
"kit de Reparación Joystick para Nintendo Switch, 4 Joycon Joystick Reemplazo, 3D Joystick Analógico Thumb Sticks Sensor Caps, Hebilla de Metal, Destornillador, Herramientas de Reparación para Nintendo Switch/Lite 33PCS",4.6 de 5 estrellas,$279.99,N/A
N/A,N/A,N/A,N/A
Red Dead Redemption: Game of the Year Edition - Xbox One and Xbox 360,4.8 de 5 estrellas,$547.24,N/A
"Red Dead Redemption 2,(ES) - PlayStation 4 - Standard Edition",4.8 de 5 estrellas,$584.47,N/A
Jack of All Games Red Dead Redemption - Juego (PS3) - Game Of The Year Edition,4.8 de 5 estrellas,$358.52,N/A
Red Dead Redemption 2 (XBox One) - Standard Edition,4.7 de 5 estrellas,$567.54,N/A
Red Dead Redemption 2 (PS4),4.7 de 5 estrellas,$579.81,N/A
Red Dead Redemption Juego del año (clásicos) (Xbox 360) (compatible con Xbox One),4.6 de 5 estrellas,$679.85,N/A
"Rockstar Games Red Dead Redemption 2 Básico PlayStation 4 DEU,DUT,ENG,ESP,FRE,ITA,POL,POR vídeo - Juego (PlayStation 4, Acción / Aventura, Modo multijugador, RP (Clasificación pendiente))",4.7 de 5 estrellas,$588.75,N/A
"Rockstar Games Red Dead Redemption, PS3 PlayStation 3 ENG vídeo - Juego (PS3, PlayStation 3, Acción / Aventura, Modo multijugador, M (Maduro))",4.3 de 5 estrellas,$518.71,N/A
Red Dead Redemption: Nightmare Collection / Game - PlayStation 3,4.4 de 5 estrellas,$401.92,N/A
"Rockstar Games Red Dead Redemption 2 vídeo - Juego (PlayStation 4, Acción / Aventura, Modo multijugador, M (Maduro))",4.6 de 5 estrellas,$579.45,N/A
Red Dead Redemption - Xbox 360 - Standard Edition,4.5 de 5 estrellas,N/A,N/A
Ghost of Tsushima Director's Cut - Special Edition - PlayStation 4,4.8 de 5 estrellas,$649.00,N/A
"Take-Two Interactive Red Dead Redemption 2, Xbox One vídeo - Juego (Xbox One, Xbox One, Acción / Aventura, Modo multijugador, RP (Clasificación pendiente))",4.7 de 5 estrellas,N/A,N/A
Cyberpunk 2077 - Playstation 4 - Edición Estandar - Standard Edition,4.5 de 5 estrellas,$379.00,N/A
Red Dead Redemption 2 - Standard Edition - Xbox One [Código por mail],5.0 de 5 estrellas,"$1,195.00",N/A
Death Stranding - Standard Edition - PlayStation 4,4.7 de 5 estrellas,$329.00,N/A
Red Dead Redemption - PlayStation 3 - Standard Edition,4.6 de 5 estrellas,$579.99,N/A
"Joystick Reemplazo Para Nintendo Switch - Kit de Herramientas de Reparación y Repuestos Joystick - Joysticks Analógico 3D de Reemplazo para Nintendo Switch Joycon y Switch Lite - Cone Destornilladores, Hebilla de Metal, Herramienta de Palanca, Tapa de Agarre Para El Pulgar - 35 Piezas",4.7 de 5 estrellas,$254.15,N/A
"BuFan Kit de Accesorios Nintendo Switch,16 en 1 Estuche Nintendo Switch, Funda Protectora de Silicona/ Funda de Transparente / 2 Protector de Pantalla Vidrio/ Tapas para Joystick |/ Soporte Ajustable/ Cable USB",4.6 de 5 estrellas,$345.00,N/A
"KontrolFreek FPS Freek Inferno para Xbox One y Xbox Series X/S | Performance Thumbsticks | 2 Alturas elevadas, cóncavo | Rojo.",4.6 de 5 estrellas,$339.00,N/A
"BuFan Estuche Kit de Accesorios Nintendo Switch 16 en 1, Funda para Nintendo Switch, Funda Protectora de Silicona/Funda de Transparente / 2 Protector de Pantalla Vidrio/Tapas para Joystick",4.7 de 5 estrellas,$345.00,N/A
The Legend of Zelda: Tears of the Kingdom - Nintendo Switch,4.9 de 5 estrellas,"$1,100.00",N/A
Desperados 3 Ps4 - Standard Edition - Playstation 4,4.3 de 5 estrellas,$299.00,N/A
Take-Two Interactive Red Dead Redemption - Juego - Xbox 360,4.3 de 5 estrellas,$573.09,N/A
L.A. Noire - Xbox One,4.6 de 5 estrellas,$363.97,N/A
Shadow of the Tomb Raider (Croft Steelbook Edition) - Xbox One - PlayStation 4,4.7 de 5 estrellas,$505.63,N/A
Judgment - Standard Edition - PlayStation 5,4.6 de 5 estrellas,$929.00,N/A
Watch Dogs Legion - Standard Edition - Playstation 4,4.7 de 5 estrellas,$235.00,N/A
Red Dead Redemption 2: 25 Gold Bars - Xbox One [Código por mail],N/A,$164.00,N/A
Red Dead Revolver - Xbox,4.5 de 5 estrellas,"$1,136.80",N/A
Cyberpunk 2077 - Xbox One - Standard Edition,4.6 de 5 estrellas,$385.00,N/A
"Microsoft Red Dead Redemption 2 vídeo - Juego (Xbox One, Acción / Aventura, Modo multijugador, M (Maduro))",4.4 de 5 estrellas,"$1,531.21",N/A
Red Dead Redemption 2: 55 Gold Bars - Xbox One [Código por mail],N/A,$329.00,N/A
Fallout 76 - PlayStation 4,4.3 de 5 estrellas,$163.99,N/A
"Take-Two Interactive Red Dead Redemption (PS3) PlayStation 3 vídeo - Juego (PlayStation 3, Acción / Aventura, M (Maduro))",4.5 de 5 estrellas,$533.77,N/A
Dark Souls Trilogy PS4 Game,4.8 de 5 estrellas,$774.38,N/A
Red Dead Revolver [Japan Import],3.2 de 5 estrellas,"$2,084.87",N/A
Injustice 2 - Legendary Edition para PlayStation 4,4.8 de 5 estrellas,N/A,N/A
Ghost of Tsushima Director's Cut - Standard Edition - Playstation 4,4.9 de 5 estrellas,$620.00,N/A
Red Dead Redemption 2: 245 Gold Bars - Xbox One [Código por mail],N/A,"$1,237.00",N/A
"Control Inalámbrico para Nintendo Switch,Controlador Bluetooth Inalámbrico De Transparente RGB con Turbo, Eje de Giroscopio y Gamepad de Doble Vibración, para Nintendo Switch/Nintendo Switch Lite/Switch OLED/Pc/Mac",5.0 de 5 estrellas,$539.00,N/A
Take 2 NG JEU Console Rockstar Red Dead Redemption 2 PS4 - Consola,4.6 de 5 estrellas,$929.98,N/A
The Last of Us Part II - PlayStation 4 - Standard Edition,4.9 de 5 estrellas,$682.60,N/A
L.a. Noire,4.6 de 5 estrellas,$381.33,N/A
Assassin's Creed Origins - PlayStation 4 - Standard Edition,4.6 de 5 estrellas,$465.37,N/A
FIFA 23 para Playstation 4,4.8 de 5 estrellas,$584.00,N/A
"Rockstar Games Red Dead Redemption 2 vídeo - Juego (Xbox One, Acción / Aventura, Modo multijugador, M (Maduro))",4.7 de 5 estrellas,"$1,325.66",N/A
Assassin's Creed Valhalla - PlayStation 5 Standard Edition,4.7 de 5 estrellas,$669.00,N/A
Lucanoryz Pegatinas Skin Para Auriculares Y Mandos Oculus Quest 2 VR Pegatina Calcomanía Protectora Accesorios Red Dead Redemption Red Dead Redemption 0054,N/A,$254.80,N/A
Death Stranding - Standard Edition - PlayStation 4,4.7 de 5 estrellas,$329.00,N/A
Assassins Creed: Origins - Standard Edition - PlayStation 4 - Standard Edition - PlayStation 4,4.8 de 5 estrellas,$389.00,N/A
"SVYHUOK Auriculares blancos para juegos para Xbox One, PS4, PC, portátil, tablet con micrófono, auriculares profesionales sobre la oreja, dos divisores en Y de 3.5 mm, cancelación de ruido, luz LED USB, sonido envolvente de graves estéreo para niños, Mac, smartphones",4.4 de 5 estrellas,$559.00,N/A
"Tangxi Bluetooth 4.0 USB Dongle/Adaptador, Transmisor Receptor Bluetooth para Playstation PS4, Plug and Play, Soporte A2DP, HFP, Dongle de Audio inalámbrico para Auriculares Bluetooth",4.1 de 5 estrellas,$201.00,N/A
Watch Dogs Legion - Standard Edition - Playstation 4,4.7 de 5 estrellas,$235.00,N/A
Ghost of Tsushima Director's Cut - Standard Edition - Playstation 4,4.9 de 5 estrellas,$620.00,N/A
Dreamgirl Mujer Drop Dead Hermoso Tocado,3.6 de 5 estrellas,$810.00,N/A
"Estación de carga mejorada para Nintendo Switch Pro Controller y Joy Con, soporte de carga 6 en 1 FANPL para interruptor y modelo OLED y Lite con indicador de carga y cable de carga tipo C",4.1 de 5 estrellas,$520.00,N/A
N/A,N/A,N/A,N/A
N/A,N/A,N/A,N/A
N/A,N/A,N/A,N/A
N/A,N/A,N/A,N/A
N/A,N/A,N/A,N/A
"50 'FT Feet 50 Ft 50 Feet CAT6 RJ45 Red Ethernet Cable de conexión LAN Cable de 1000M Para se conecta la computadora a la impresora, el enrutador, la caja de conmutadores PS3 PS4 Xbox 360 (50 pies)",5.0 de 5 estrellas,$148.00,N/A
"amFilm Nintendo Switch Protector Pantalla (2 Piezas), Cristal Vidrio Templado Protector de Pantalla para Nintendo Switch",4.8 de 5 estrellas,$219.00,N/A
Resident Evil 2 - Standard Edition - PlayStation 4,4.9 de 5 estrellas,N/A,N/A
Mad Rat Dead - Standard Edition - PlayStation 4,4.7 de 5 estrellas,"$1,036.08",N/A
Dead by Daylight: Definitive Edition - Standard Edition - Nintendo Switch,4.5 de 5 estrellas,$599.00,N/A
Assassins Creed: Origins - Standard Edition - PlayStation 4 - Standard Edition - PlayStation 4,4.8 de 5 estrellas,$389.00,N/A
Red Dead Redemption 2 caja de coleccionista con juego (Xbox One),1.0 de 5 estrellas,N/A,N/A
"Wii Gun Controller,Wii Games Light Gun,2 Pcs White Wii Gun Bundle,Will Accessories For Call Of Duty,Medal of honor,The house of the dead,Red Steel",4.3 de 5 estrellas,$479.94,N/A
"Red Dead Revolver Conjunto Completo De Calcomanías De Piel Protectora Para Cubierta De Vapor, Protección De Carcasa De Mano Película De Techo Antipolvo Que No Deja Marcas group",N/A,$363.45,N/A
Assassin's Creed: The Rebel Collection NSW - Standard Edition - Nintendo Switch,4.7 de 5 estrellas,$604.68,N/A
Resident Evil 3 - PlayStation 4 [Importado],4.8 de 5 estrellas,$496.48,N/A
Grand Theft Auto. The Trilogy - the Definitive Edition - Standard Edition - Playstation 4,4.7 de 5 estrellas,$798.00,N/A
Call of Juarez: Gunslinger - Standard Edition - Nintendo Switch,4.2 de 5 estrellas,$646.26,N/A
Saints Row 2022 - Standard Edition - Playstation 5,4.1 de 5 estrellas,$582.51,N/A
Tony Hawk's Pro Skater 1 + 2 - PlayStation 4 - Edición estándar. Edition,4.7 de 5 estrellas,$578.23,N/A
Final Fantasy VII Remake Ps4,4.8 de 5 estrellas,$839.00,N/A
The Evil Within 2 - PlayStation 4 Standard Edition,4.8 de 5 estrellas,$420.06,N/A
Uncharted: The Nathan Drake Collection - PlayStation 4 - Standard Edition,4.8 de 5 estrellas,$379.00,N/A
Left 4 Dead 2,4.8 de 5 estrellas,N/A,N/A
Dead Island Definitive Collection Edition (PS4),4.1 de 5 estrellas,$494.62,N/A
Gta V Premium Edition - Complete Edition - Playstation 4,4.8 de 5 estrellas,$449.00,N/A
LEGO Star Wars: La Saga Skywalker - PlayStation 4 - Standard Edition,4.8 de 5 estrellas,$385.00,N/A
Taza mágica spark cristal sublimada personalizada red dead redemption 2 Game Videojuego coleccionable 11 onzas,N/A,$189.00,N/A
No Man's Sky para Nintendo Switch,4.6 de 5 estrellas,$924.44,N/A
God of War Ragnarök PlayStation 4,4.9 de 5 estrellas,"$1,169.00",N/A
Deus Ex: Mankind Divided - PlayStation 4 - Standard Edition,4.3 de 5 estrellas,$234.99,N/A
Red Dead Redemption: Undead Nightmare [Japan Import],3.5 de 5 estrellas,"$1,161.35",N/A
Bloodborne PS4 Game of the Year Edition,4.7 de 5 estrellas,$537.66,N/A
World War Z,4.2 de 5 estrellas,$728.34,N/A
Hellblade: Senua's Sacrifice - PlayStation 4 - Standard Edition,4.8 de 5 estrellas,$399.00,N/A
"Konami Silent Hill HD Collection, PlayStation 3 - Juego (PlayStation 3)",4.7 de 5 estrellas,$550.67,N/A
Days Gone - Playstation 4 - Standard Edition - Standard Edition - PlayStation 4,4.8 de 5 estrellas,N/A,N/A
Bioshock: the Collection - PlayStation 4 HD Collection Edition-HD CollectionEdition-PlayStation 4,4.7 de 5 estrellas,$403.54,N/A
God of War - Hits - - Standard Edition - PlayStation 4,4.9 de 5 estrellas,$404.00,N/A
Mortal Kombat 11 - PlayStation 4 - Standard Edition,4.8 de 5 estrellas,N/A,N/A
Outward (PS4),4.1 de 5 estrellas,"$1,224.07",N/A
Sekiro Shadows Die Twice - PlayStation 4 - Edición Estandar Edition,4.8 de 5 estrellas,N/A,N/A
Taza sublimada personalizada Red Dead Redemption Videojuego Modelo 2 Gaming coleccionable Accesorios Gamer 11 onzas,N/A,$165.00,N/A
Battlefield V - PlayStation 4 - Standard Edition,4.4 de 5 estrellas,$430.15,N/A
Red Dead Redemption: Complete Edition (PlayStation3 the Best) [Japan Import],3.7 de 5 estrellas,"$2,713.22",N/A
Saints Row The Third - Full Package - Nintendo Switch,4.6 de 5 estrellas,$613.99,N/A
Call of Duty: Vanguard - Standard Edition - Xbox One | Series X,4.7 de 5 estrellas,$799.00,N/A
The Last of Us Part II - PlayStation 4 - Standard Edition,4.8 de 5 estrellas,$555.64,N/A
Taza sublimada personalizada Red Dead Redemption Videojuego Modelo 1 Gaming coleccionable Accesorios Gamer 11 onzas,N/A,$165.00,N/A
American Ninja Warrior - PlayStation 4,4.3 de 5 estrellas,$514.38,N/A
Grand Theft Auto: San Andreas,4.2 de 5 estrellas,$443.29,N/A
Taza sublimada personalizada Red Dead Redemption Videojuego Modelo 5 Gaming coleccionable Accesorios Gamer 11 onzas,N/A,$165.00,N/A
Red Dead Redemption 2 Xbox One Game,N/A,"$1,850.52",N/A
Kingdom Hearts 3 Deluxe Edition (Xbox One),4.5 de 5 estrellas,$784.70,N/A
The Evil Within 2 - Standard Edition - Xbox One,4.8 de 5 estrellas,$490.00,N/A
"ANDAPA Adaptador USB C Macho a Dual USB Hembra, Divisor de USB C a Dual USB para MacBook Pro/Air (0.3M)",4.5 de 5 estrellas,$199.00,N/A
N/A,N/A,N/A,N/A
N/A,N/A,N/A,N/A
N/A,N/A,N/A,N/A
N/A,N/A,N/A,N/A
